Account ID,Account Name,Email,Status
893243203394,RPA_Prod,torchmarkaws_rpa_prod@torchmarkcorp.com,ACTIVE
736052591530,TST_QlikReplicate,AWS_GlobeLife_TST_QlikReplicate@globe.life,ACTIVE
704461308424,DEV_ExecutiveSalesReporting,AWS_GlobeLife_DEV_ExecutiveSalesReporting@globe.life,ACTIVE
331956161189,DEV_PolicyAdministration_Containers,AWS_GlobeLife_DEV_PolicyAdministration_Containers@globe.life,ACTIVE
717322314148,Globe_CentralObservability,AWS_GlobeLife_Globe_CentralObservability@globe.life,ACTIVE
302548734356,CE_52_DEV,torchmarkaws_CE_52_DEV@torchmarkcorp.com,ACTIVE
890663024483,TST_InteractiveVoiceRecognition_Services,AWS_GlobeLife_TST_IVR_Services@globe.life,ACTIVE
919799598487,DEV_SpecialRiskDivision_App,AWS_GlobeLife_DEV_SpecialRiskDivision_App@globe.life,ACTIVE
174569728532,STG_CASFoxPro,AWS_GlobeLife_STG_CASFoxPro@globe.life,ACTIVE
499166352453,Network_Services,AWS_GlobeLife_Network@globe.life,ACTIVE
795752532668,TST_NZ_DocumentPortal,AWS_GlobeLife_TST_NZ_DocumentPortal@globe.life,ACTIVE
408687739846,DEV_GCCSApp,AWS_GlobeLife_DEV_GCCSApp@globe.life,ACTIVE
229844166211,WorksiteBilling_Dev,torchmarkaws_worksitebilling_dev@torchmarkcorp.com,ACTIVE
211125433506,BFX_Epic,AWS_Globe_Life_BFX_Epic@globe.life,ACTIVE
361418385861,STG_NBUWIntegration,AWS_GlobeLife_STG_NBUWIntegration@globe.life,ACTIVE
110537837285,PRD_GLChart,AWS_GlobeLife_PRD_GLChart@globe.life,ACTIVE
539247463641,STG_FHL-LegacyApps,AWS_GlobeLife_STG_FHL-LegacyApps@globe.life,ACTIVE
633442556533,STG_AILeApp,AWS_GlobeLife_STG_AILeApp@globe.life,ACTIVE
715473115931,Pilot_Inisghts_DataLake,AWS_GlobeLife_Pilot_Inisghts_DataLake@globe.life,ACTIVE
127214180258,PRD_WorkDay_Services,AWS_GlobeLife_PRD_WorkDay_Services@globe.life,ACTIVE
491074083512,DEV_Actuarial_CustomProc,AWS_GlobeLife_DEV_Actuarial_CustomProc@globe.life,ACTIVE
609314458591,TST_PolicyAdministration_Containers,AWS_GlobeLife_TST_PolicyAdministration_Containers@globe.life,ACTIVE
019916533242,STG_MuleSoft,AWS_GlobeLife_STG_MuleSoft@globe.life,ACTIVE
969638557656,TST_GlobeITWiki,AWS_GlobeLife_TST_GlobeITWiki@globe.life,ACTIVE
420053198525,STG_LegacySharedDataSvc,AWS_GlobeLife_STG_LegacySharedDataSvc@globe.life,ACTIVE
650251700749,DEV_ProducerLifeCycleManagement,AWS_GlobeLife_DEV_ProducerLifeCycleManagement@globe.life,ACTIVE
712454232611,TST_Kitewheel,AWS_Globe_TST_Kitewheel@globe.life,ACTIVE
991787178686,PRD_Impact,AWS_GlobeLife_PRD_Impact@globe.life,ACTIVE
969676307089,STG_MarTech_EntData,AWS_GlobeLife_STG_MarTech_EntData@globe.life,ACTIVE
315239881217,PRD_GCCSApp,AWS_GlobeLife_PRD_GCCSApp@globe.life,ACTIVE
471112601657,POC_QuickSight,AWS_GlobeLife_POC_QuickSight@globe.life,ACTIVE
212333811996,TST_AgencyDataEntryPortal,AWS_GlobeLife_TST_AgencyDataEntryPortal@globe.life,ACTIVE
834488898818,PRD_eServiceCenter,AWS_GlobeLife_PRD_eServiceCenter@globe.life,ACTIVE
195047626065,Globe_UserServices,AWS_GlobeLife_UserServices@globe.life,ACTIVE
528955448167,Kitewheel_Dev,torchmarkaws_kitewheel_dev@torchmarkcorp.com,ACTIVE
235039969621,ESD,torchmarkaws_esd@torchmarkcorp.com,ACTIVE
999908908487,PRD_MAPSApplication,AWS_GlobeLife_PRD_MAPSApplication@globe.life,ACTIVE
073412041252,STG_eClaims,AWS_GlobeLife_STG_eClaims@globe.life,ACTIVE
437833767532,PRD_PolySystems,AWS_GlobeLife_PRD_PolySystems@globe.life,ACTIVE
653334254777,Cherwell_Integration,torchmarkaws_cherwell_integration@torchmarkcorp.com,ACTIVE
016108676991,DEV_MarTech_BI,AWS_GlobeLife_DEV_MarTech_BI@globe.life,ACTIVE
265084811583,TST_AILeApp,AWS_GlobeLife_TST_AILeApp@globe.life,ACTIVE
448836929085,DEV_AgentAutomation,AWS_GlobeLife_DEV_AgentAutomation@globe.life,ACTIVE
881490093130,PRD_MLOperations_Martech_BIAnalytics,AWS_GlobeLIfe_PRD_MLOperations_Martech_BIAnalytics@globe.life,ACTIVE
669055407494,DigitalCurrency_Dev,torchmarkaws_AILeAppPaymentCard@torchmarkcorp.com,ACTIVE
891377245196,PRD_QuickSight,AWS_GlobeLife_PRD_QuickSight@globe.life,ACTIVE
911861643994,DEV_OutboundDialerIntegration,AWS_GlobeLife_DEV_OutboundDialerIntegration@globe.life,ACTIVE
810899865434,DEV_CorporateDisclaimerServices,AWS_GlobeLife_DEV_CorporateDisclaimerServices@globe.life,ACTIVE
920373025729,TST_MLOperations_Martech_BIAnalytics,AWS_GlobeLIfe_TST_MLOperations_Martech_BIAnalytics@globe.life,ACTIVE
071284598090,DEV_InvestmentsAnalyticsDashboard,AWS_GlobeLife_DEV_InvestmentsAnalyticsDashboard@globe.life,ACTIVE
604414959421,PRD_Actuarial_CustomProc,AWS_GlobeLife_PRD_Actuarial_CustomProc@globe.life,ACTIVE
095466251509,Sandbox_4,AWS_GlobeLife_Sandbox_4@globe.life,ACTIVE
409879795886,PRD_MuleSoft,AWS_GlobeLife_PRD_MuleSoft@globe.life,ACTIVE
123115268318,STG_LNLAgentPortal,AWS_GlobeLife_STG_LNLAgentPortal@globe.life,ACTIVE
339712804198,PRD_FirewallRulesLifecycleManagement,AWS_GlobeLife_PRD_FirewallRulesLifecycleManagement@globe.life,ACTIVE
640168419836,PRD_FHL-LegacyApps,AWS_GlobeLife_PRD_FHL-LegacyApps@globe.life,ACTIVE
489768172571,PRD_FirstCommandPortal,AWS_GlobeLife_PRD_FirstCommandPortal@globe.life,ACTIVE
149525969220,PRD_Citrix_Services,AWS_GlobeLife_PRD_Citrix_Services@globe.life,ACTIVE
706034562777,PRD_IncentiveCompMgmt,AWS_GlobeLife_ICM_Prd@globe.life,ACTIVE
778068291240,Sandbox_6,AWS_GlobeLife_Sandbox_6@globe.life,ACTIVE
992382406065,DEV_Ent-EventManagementSystems,AWS_GlobeLife_DEV_Ent_EventManagementSystems@globe.life,ACTIVE
838001389413,CDM_Prod,torchmarkaws_CDM_Prod@torchmarkcorp.com,ACTIVE
039496527162,SIT_LNLAgentPortal,AWS_GlobeLife_SIT_LNLAgentPortal@globe.life,ACTIVE
758922519981,TST_eServiceCenter,AWS_GlobeLife_TST_eServiceCenter@globe.life,ACTIVE
196672950308,PRD_SpecialRiskDivision_App,AWS_GlobeLife_PRD_SpecialRiskDivision_App@globe.life,ACTIVE
249620487536,DEV_MarTech_EntData,AWS_GlobeLife_DEV_MarTech_EntData@globe.life,ACTIVE
759766249971,Sandbox_1,AWS_GlobeLife_Sandbox1@globe.life,ACTIVE
339712837931,PRD_Ent-EventManagementSystems,AWS_GlobeLife_PRD_Ent-EventManagementSystems@globe.life,ACTIVE
191231010148,Sandbox_5,AWS_GlobeLife_Sandbox_5@globe.life,ACTIVE
536745014688,PRD_LIFT,AWS_GlobeLife_PRD_LIFT@globe.life,ACTIVE
767397792232,DEV_AIKnowledgeBase,AWS_GlobeLife_DEV_AIKnowledgeBase@globe.life,ACTIVE
678263939725,DEV_LegacySharedDataSvc,AWS_GlobeLife_DEV_LegacySharedDataSvc@globe.life,ACTIVE
531377953786,DEV_InteractiveVoiceRecognition_Services,AWS_GlobeLife_DEV_IVR_Services@globe.life,ACTIVE
678331236951,DEV_NZ_DocumentPortal,AWS_GlobeLife_DEV_NZ_DocumentPortal@globe.life,ACTIVE
134041079304,TST_MAPSApplication,AWS_GlobeLife_TST_MAPSApplication@globe.life,ACTIVE
395460512899,PRD_Tableau,AWS_GlobeLife_PRD_Tableau@globe.life,ACTIVE
966532977635,TST_PolicyAdminSystem,AWS_GlobeLife_TST_PolicyAdminSystem@globe.life,ACTIVE
577665256486,TST_PostPreSort_Services,AWS_GlobeLife_TST_PostPreSort_Services@globe.life,ACTIVE
544871880637,PRD_LegacySharedDataSvc,AWS_GlobeLife_PRD_LegacySharedDataSvc@globe.life,ACTIVE
731845291437,Pilot_GreatExpectations,AWS_GlobeLife_Pilot_GreatExpectations@globe.life,ACTIVE
054037143142,TST_ProducerLifeCycleManagement,AWS_GlobeLife_TST_ProducerLifeCycleManagement@globe.life,ACTIVE
430118832933,PRD_DataGovernance-Cyera,AWS_GlobeLife_PRD_DataGovernance-Cyera@globe.life,ACTIVE
417228016602,PRD_PolicyAdministration_Containers,AWS_GlobeLife_PRD_PolicyAdministration_Containers@globe.life,ACTIVE
557214421221,DEV_QlikView,AWS_GlobeLife_DEV_QlikView@globe.life,ACTIVE
093379724937,Pilot_CMDB_AssetManagement_Services,AWS_GlobeLife_PLT_CMDB_AssetMgt_Svcs@globe.life,ACTIVE
647859902130,TST_SecOps_Tools,AWS_GlobeLife_SecOps_Tst@Globe.Life,ACTIVE
409743333128,TST_Encryption_Services,AWS_GlobeLife_TST_Encryption_Services@globe.life,ACTIVE
100774608395,ESD_Dev,torchmarkaws_esd_dev@torchmarkcorp.com,ACTIVE
631792256879,Architecture_Governance,AWS_GlobeLife_Architecture_Governance@globe.life,ACTIVE
475776162342,DEV_DataMigrationToolkit,AWS_GlobeLife_DEV_DataMigrationToolkit@globe.life,ACTIVE
109816066796,SIT_MuleSoft,AWS_GlobeLife_SIT_MuleSoft@globe.life,ACTIVE
482160556746,Network_PPrd,aws_Network_PPrd@globe.life,ACTIVE
628165483713,DigitalCurrency_Prod,Torchmarkaws_AILeAppPaymentCard_Prod@torchmarkcorp.com,ACTIVE
068037978529,DEV_GlobeITWiki,AWS_GlobeLife_GlobeITWiki_DEV@globe.life,ACTIVE
645642550145,PRD_AgencyDataEntryPortal,AWS_GlobeLife_PRD_AgencyDataEntryPortal@globe.life,ACTIVE
079467772720,TST_AgentAutomation,AWS_GlobeLife_TST_AgentAutomation@globe.life,ACTIVE
899738559321,SFDC_Integration_Prod,torchmarkaws_SFDC_Integration_Prod@torchmarkcorp.com,ACTIVE
752297527960,POC_CASFoxPro,AWS_GlobeLife_POC_CASFoxPro@globe.life,ACTIVE
440470836202,STG_Informatica,AWS_GlobeLife_STG_Informatica@globe.life,ACTIVE
837225851246,STG_Citrix_Services,AWS_GlobeLife_STG_Citrix_Services@globe.life,ACTIVE
640023608031,PRD_MarTech_EntData,AWS_GlobeLife_PRD_MarTech_EntData@globe.life,ACTIVE
276326712482,Kitewheel_Prod,torchmarkaws_kitewheel_prod@torchmarkcorp.com,ACTIVE
856159549484,TST_JiraSoftware,AWS_GlobeLife_TST_JiraSoftware@globe.life,ACTIVE
601278531880,DEV_CentralProcessingSystem,AWS_GlobeLife_DEV_CentralProcessingSystem@globe.life,ACTIVE
882512277310,PRD_ITSMIntegration,AWS_GlobeLife_PRD_ITSMIntegration@globe.life,ACTIVE
988574308510,DEV_eServiceCenter,AWS_GlobeLife_DEV_eServiceCenter@globe.life,ACTIVE
767397756102,STG_Ent-EventManagementSystems,AWS_GlobeLife_STG_Ent_EventManagementSystems@globe.life,ACTIVE
559573039745,TST_DataMigrationToolkit,AWS_GlobeLife_TST_DataMigrationToolkit@globe.life,ACTIVE
443768221670,PRD_NBUWIntegration,AWS_GlobeLife_PRD_NBUWIntegration@globe.life,ACTIVE
326153467009,PRD_ApplicationMigrationServices,AWS_GlobeLife_PRD_AppMigrationSvcs@globe.life,ACTIVE
484126561220,DEV_PaymentsExceptionProcessing,AWS_GlobeLife_DEV_PaymentsExceptionProcessing@globe.life,ACTIVE
525993869998,DEV_QlikReplicate,AWS_GlobeLife_DEV_QlikReplicate@globe.life,ACTIVE
006516141820,DEV_CloudMgmtPlatform,AWS_GlobeLife_DEV_CloudMgmtPlatform@globe.life,ACTIVE
548664465424,LegacyModernization_Dev,torchmarkaws_legacy_modernization_dev@torchmarkcorp.com,ACTIVE
471112608434,TST_AIKnowledgeBase,AWS_GlobeLife_TST_AIKnowledgeBase@globe.life,ACTIVE
357307920328,DEV_Informatica,AWS_GlobeLife_DEV_Informatica@globe.life,ACTIVE
050451374948,TST_WorkDay_Services,AWS_GlobeLife_TST_WorkDay_Services@globe.life,ACTIVE
941561528219,PRD_Conservation,AWS_GlobeLife_PRD_Conservation@globe.life,ACTIVE
817608377584,TST_MuleSoft,AWS_GlobeLife_TST_MuleSoft@globe.life,ACTIVE
415130702063,PRD_PolicyAdminSystem,AWS_GlobeLife_PRD_PolicyAdminSystem@globe.life,ACTIVE
227100605725,PRD_Forescout_NAC,AWS_GlobeLife_PRD_Forescout_NAC@globe.life,ACTIVE
803769386525,SIT_CeApp,AWS_GlobeLife_SIT_CeApp@globe.life,ACTIVE
782626380355,PRD_InteractiveVoiceRecognition_Services,AWS_GlobeLife_PRD_IVR_Services@globe.life,ACTIVE
498707044976,PRD_DevOps_Services,AWS_GlobeLife_PRD_DevOps_Services@globe.life,ACTIVE
772950966281,POC_AlgoSec,AWS_GlobeLife_POC_AlgoSec@globe.life,ACTIVE
340065429575,STG_FHDeApp,AWS_GlobeLife_STG_FHDeApp@globe.life,ACTIVE
161064053858,TST_WorksiteBilling,AWS_GlobeLife_WorkSiteBilling_Test@globe.life,ACTIVE
276032134764,PRD_JiraSoftware,AWS_GlobeLife_PRD_JiraSoftware@globe.life,ACTIVE
188460932312,TST_Conservation,AWS_GlobeLife_TST_Conservation@globe.life,ACTIVE
490004652788,STG_ProducerLifeCycleManagement,AWS_GlobeLife_STG_ProducerLifeCycleManagement@globe.life,ACTIVE
926529116448,SIT_PolicyAdminSystem,AWS_GlobeLife_SIT_PolicyAdminSystem@globe.life,ACTIVE
888439645039,TST_CorporateDisclaimerServices,AWS_GlobeLife_TST_CorporateDisclaimerServices@globe.life,ACTIVE
707192109926,PRD_RightFax,AWS_GlobeLife_PRD_RightFax@globe.life,ACTIVE
522777584042,DEV_CASFoxPro,AWS_GlobeLife_DEV_CASFoxPro@globe.life,ACTIVE
816069123955,PRD_ProducerLifeCycleManagement,AWS_GlobeLife_PRD_ProducerLifeCycleManagement@globe.life,ACTIVE
914369173711,TST_IncentiveCompMgmt,AWS_GlobeLife_ICM_Tst@globe.life,ACTIVE
874595533236,Sandbox_2,AWS_GlobeLife_Sandbox_2@globe.life,ACTIVE
456834854024,TST_Tableau,AWS_GlobeLife_TST_Tableau@globe.life,ACTIVE
864159831080,TST_RoboticProcessAutomation,AWS_GlobeLife_TST_RoboticProcessAutomation@globe.life,ACTIVE
285465553005,PRD_eClaims,AWS_GlobeLife_PRD_eClaims@globe.life,ACTIVE
653533026033,PRD_NZ_DocumentPortal,AWS_GlobeLife_PRD_NZ_DocumentPortal@globe.life,ACTIVE
373517002798,TST_GCCSApp,AWS_GlobeLife_TST_GCCSApp@globe.life,ACTIVE
874429678453,PRD_QlikReplicate,AWS_GlobeLife_PRD_QlikReplicate@globe.life,ACTIVE
752975561215,POC_Sagemaker_DataLab,AWS_GlobeLife_POC_Sagemaker_DataLab@globe.life,ACTIVE
082192703757,STG_CeApp,aws_globelife_stg_ceapp@globe.life,ACTIVE
183631333713,DEV_WorkDay_Services,AWS_GlobeLife_DEV_WorkDay_Services@globe.life,ACTIVE
637423377679,TST_MLOperations_Actuarial,AWS_GlobeLife_TST_MLOperations_Actuarial@globe.life,ACTIVE
941377149353,STG_ProducerLifeCycleManagement_ODS_Integration,AWS_GlobeLife_STG_ProducerLifeCycleManagement_ODS_Int@globe.life,ACTIVE
481908924940,BFX_MuleSoft,AWS_GlobeLife_BFX_MuleSoft@globe.life,ACTIVE
070987320445,DEV_Tableau,AWS_GlobeLife_DEV_Tableau@globe.life,ACTIVE
113204598149,Log archive,AWS_GlobeLife_Log@globe.life,ACTIVE
918699644732,PRD_AgentAutomation,AWS_GlobeLife_PRD_AgentAutomation@globe.life,ACTIVE
366537629457,TST_eClaims,AWS_GlobeLife_TST_eClaims@globe.life,ACTIVE
340773434822,PRD_CentralProcessingSystem,AWS_GlobeLife_PRD_CentralProcessingSystem@globe.life,ACTIVE
530745444103,DEV_eClaims,AWS_GlobeLife_DEV_eClaims@globe.life,ACTIVE
169653819662,DEV_Docusign-Integration,AWS_GlobeLife_DEV_Docusign-Integration@globe.life,ACTIVE
875192539114,PRD_EnterpriseScheduler,AWS_GlobeLife_PRD_EnterpriseScheduler@globe.life,ACTIVE
877644377535,TST_ExecutiveSalesReporting,AWS_GlobeLife_TST_ExecutiveSalesReporting@globe.life,ACTIVE
730335304938,DEV_Epic,AWS_GlobeLife_DEV_Epic@globe.life,ACTIVE
329571145475,TST_CeApp,aws_globelife_tst_ceapp@globe.life,ACTIVE
724270557589,STG_NZ_DocumentPortal,AWS_GlobeLife_STG_NZ_DocumentPortal@globe.life,ACTIVE
283732856488,DEV_Kentico,AWS_GlobeLife_DEV_Kentico@globe.life,ACTIVE
685913451978,DEV_PolySystems,AWS_GlobeLife_PolySystems_Dev@globe.life,ACTIVE
880668869282,TST_Docusign-Integration,AWS_GlobeLife_TST_Docusign-Integration@globe.life,ACTIVE
147997161913,PRD_ProducerLifeCycleManagement_ODS_Integration,AWS_GlobeLife_PRD_ProducerLifeCycleManagement_ODS_Int@globe.life,ACTIVE
652346725624,PRD_GlobeDirect,AWS_GlobeLife_PRD_GlobeDirect@globe.life,ACTIVE
848167183368,DEV_LIFT,AWS_GlobeLife_DEV_LIFT@globe.life,ACTIVE
851725613155,PRD_ContinuityReplay,AWS_GlobeLife_PRD_ContinuityReplay@globe.life,ACTIVE
474668429606,DEV_MLOperations_Martech_BIAnalytics,AWS_GlobeLIfe_DEV_MLOperations_Martech_BIAnalytics@globe.life,ACTIVE
658888660064,PRD_RoboticsProcessAutomation,AWS_GlobeLife_PRD_RoboticsProcessAutomation@globe.life,ACTIVE
631696973287,STG_DataMigrationToolkit,AWS_GlobeLife_STG_DataMigrationToolkit@globe.life,ACTIVE
849497887616,TST_Informatica,AWS_GlobeLife_TST_Informatica1@globe.life,ACTIVE
774387468971,TST_GDTC_Email-Integration,AWS_GlobeLife_TST_GDTC_Email-Integration@globe.life,ACTIVE
590183805045,Network_MonitoringServices,AWS_GlobeLife_Network_MonitoringServices@globe.life,ACTIVE
082354424602,BFX_PolicyAdminSystem,AWS_GlobeLife_BFX_PolicyAdminSystem@globe.life,ACTIVE
822659547100,STG_BankAccountVerification,AWS_GlobeLife_STG_BankAccountVerification@globe.life,ACTIVE
281040924315,SFDC_Integration_Stage,torchmarkaws_SFDC_Integration_Stage@torchmarkcorp.com,ACTIVE
827354439487,PRD_CASFoxPro,AWS_GlobeLife_PRD_CASFoxPro@globe.life,ACTIVE
036752864811,PRD_PaymentsExceptionProcessing,AWS_GlobeLife_PRD_PaymentsExceptionProcessing@globe.life,ACTIVE
616367848919,STG_Impact,STG_Impact@globe.life,ACTIVE
781711069557,RPA_Dev,torchmarkaws_rpa_dev@torchmarkcorp.com,ACTIVE
534282112466,PRD_Lawson,AWS_GlobeLife_PRD_Lawson@globe.life,ACTIVE
299123766838,PRD_CloudMgmtPlatform,AWS_GlobeLife_PRD_CloudMgmtPlatform@globe.life,ACTIVE
539247495403,DEV_ProducerLifeCycleManagement_ODS_Integration,AWS_GlobeLife_DEV_ProducerLifeCycleManagement_ODS_Int@globe.life,ACTIVE
061051252363,STG_eServiceCenter,AWS_GlobeLife_STG_eServiceCenter@globe.life,ACTIVE
174919954477,DEV_MAPSApplication,AWS_GlobeLife_DEV_MAPSApplication@globe.life,ACTIVE
814723511015,Sandbox_Containers,AWS_GlobeLife_Sandbox_Containers@globe.life,ACTIVE
757498533446,TST_OutboundDialerIntegration,AWS_GlobeLife_TST_OutboundDialerIntegration@globe.life,ACTIVE
634858848865,PRD_BankAccountVerification,AWS_GlobeLife_PRD_BankAccountVerification@globe.life,ACTIVE
488126048298,IT_Operations_Services,AWS_GlobeLife_ITOps@globe.life,ACTIVE
422790514063,DEV_Impact,AWS_GlobeLife_DEV_Impact@globe.life,ACTIVE
660034111721,PRD_ExecutiveSalesReporting,AWS_GlobeLife_PRD_ExecutiveSalesReporting@globe.life,ACTIVE
489592153580,PPD_ApplicationMigrationServices,AWS_GlobeLIfe_PPD_AppMigrationSvcs@globe.life,ACTIVE
545009845440,TST_ProducerLifeCycleManagement_ODS_Integration,AWS_GlobeLife_TST_ProducerLifeCycleManagement_ODS_Int@globe.life,ACTIVE
753936362610,TST_BankAccountVerification,AWS_GlobeLife_TST_BankAccountVerification@globe.life,ACTIVE
647167341482,TST_PaymentsExceptionProcessing,AWS_GlobeLife_TST_PaymentsExceptionProcessing@globe.life,ACTIVE
225989343394,PRD_eProvider_Internal,AWS_GlobeLIfe_PRD_eProvider_Internal@globe.life,ACTIVE
040038112251,SecuritySandbox,torchmarkaws_securitysandbox@torchmarkcorp.com,ACTIVE
405427810918,Sandbox_3,AWS_GlobeLife_Sandbox_3@globe.life,ACTIVE
936316590133,DEV_QualityAssurance_Services,AWS_GlobeLife_DEV_QualityAssurance_Services@globe.life,ACTIVE
916241246971,TST_GDTC_Merkle,AWS_GlobeLife_TST_GDTC_Merkle@globe.life,ACTIVE
850995571335,POC_SecOps_AppStream,AWS_GlobeLife_POC_SecOps_AppStream@globe.life,ACTIVE
442426856183,DEV_eProvider_Internal,AWS_GlobeLIfe_DEV_eProvider_Internal@globe.life,ACTIVE
425017697424,QualityAssurance_Services,AWS_GlobeLife_QualityAssurance_Services@globe.life,ACTIVE
591315122585,PRD_Informatica,AWS_GlobeLife_PRD_Informatica@globe.life,ACTIVE
561284112867,STG_Actuarial_CustomProc,AWS_GlobeLife_STG_Actuarial_CustomProc@globe.life,ACTIVE
484067736459,TST_GlobeDirect,AWS_GlobeLife_TST_GlobeDirect@globe.life,ACTIVE
947910800194,DEV_RightFax,AWS_GlobeLife_DEV_RightFax@globe.life,ACTIVE
778257599988,DEV_Lawson,AWS_GlobeLife_DEV_Lawson@globe.life,ACTIVE
637423165129,DEV_QuickSight,AWS_GlobeLife_DEV_QuickSight@globe.life,ACTIVE
893377771940,STG_IncentiveCompMgmt,AWS_GlobeLife_ICM_Stg@globe.life,ACTIVE
193307685252,DEV_MuleSoft,AWS_GlobeLife_DEV_MuleSoft@globe.life,ACTIVE
976690264740,PRD_ExtFileTransfer_Services,AWS_GlobeLife_PRD_ExtFileTransfer_Services@globe.life,ACTIVE
836635038545,Identity_Services,AWS_GlobeLife_Identity@globe.life,ACTIVE
200622273673,STG_PolicyAdministration_Containers,AWS_GlobeLife_STG_PolicyAdministration_Containers@globe.life,ACTIVE
967033112968,PRD_GDTC_Email-Integration,AWS_GlobeLife_PRD_GDTC_Email-Integration@globe.life,ACTIVE
206055887075,TST_MarTech_EntData,AWS_GlobeLife_TST_MarTech_EntData@globe.life,ACTIVE
402131005631,PRD_LNLAgentPortal,AWS_GlobeLife_PRD_LNLAgentPortal@globe.life,ACTIVE
905418356543,DEV_MLOperations_Actuarial,AWS_GlobeLife_DEV_MLOperations_Actuarial@globe.life,ACTIVE
839129450340,PRD_OutboundDialerIntegration,AWS_GlobeLife_PRD_OutboundDialerIntegration@globe.life,ACTIVE
047787824797,DEV_CeApp,aws_globelife_dev_ceapp@globe.life,ACTIVE
809679868390,DEV_Globe_IQ,AWS_GlobeLife_DEV_Globe_IQ@globe.life,ACTIVE
068690677268,TST_FirstCommandPortal,AWS_GlobeLife_TST_FirstCommandPortal@globe.life,ACTIVE
797002664520,DEV_LNLAgentPortal,AWS_GlobeLife_DEV_LNLAgentPortal@globe.life,ACTIVE
811569181215,CDM_Stage,torchmarkaws_CDM_Stage@torchmarkcorp.com,ACTIVE
744030049322,DEV_BankAccountVerification,AWS_GlobeLife_DEV_BankAccountVerification@globe.life,ACTIVE
851725202229,TST_QuickSight,AWS_GlobeLife_TST_QuickSight@globe.life,ACTIVE
738683365990,Network_Security,AWS_GlobeLife_Network_Security@globe.life,ACTIVE
242203395629,DEV_GLChart,AWS_GlobeLife_DEV_GLChart@globe.life,ACTIVE
512957510295,TST_NBUWIntegration,AWS_GlobeLife_TST_NBUWIntegration@globe.life,ACTIVE
549851957014,PRD_WFM_Community,AWS_GlobeLife_PRD_WFM_Community@globe.life,ACTIVE
344937472937,PRD_DataMigrationToolkit,AWS_GlobeLife_PRD_DataMigrationToolkit@globe.life,ACTIVE
294686019417,PRD_FHDeApp,AWS_GlobeLife_PRD_FHDeApp@globe.life,ACTIVE
057376984152,PRD_Encryption_Services,AWS_GlobeLife_PRD_Encryption_Services@globe.life,ACTIVE
064831307558,STG_CorporateDisclaimerServices,AWS_GlobeLife_STG_CorporateDisclaimerServices@globe.life,ACTIVE
129602855664,STG_Encryption_Services,AWS_GlobeLife_STG_Encryption_Services@globe.life,ACTIVE
034158120736,DEV_FHDeApp,AWS_GlobeLife_DEV_FHDeApp@globe.life,ACTIVE
985195195623,AILeAppPaymentCard_Test,Torchmarkaws_AILeAppPaymentCard_Test@torchmarkcorp.com,ACTIVE
142815634257,TST_CASFoxPro,AWS_Globe_Life_TST_CASFoxPro@globe.life,ACTIVE
662627786878,Globe Life,AWS_GlobeLife@globe.life,ACTIVE
146773978251,DEV_RoboticsProcessAutomation,AWS_GlobeLife_DEV_RoboticsProcessAutomation@globe.life,ACTIVE
963329397756,DEV_NBUWIntegration,AWS_GlobeLife_DEV_NBUWIntegration@globe.life,ACTIVE
420315433838,PRD_GDTC_Merkle,AWS_GlobeLife_PRD_GDTC_Merkle@globe.life,ACTIVE
333491466889,PRD_QlikView,AWS_GlobeLife_PRD_QlikView@globe.life,ACTIVE
463219812400,STG_OutboundDialerIntegration,AWS_GlobeLife_STG_OutboundDialerIntegration@globe.life,ACTIVE
588755084939,PRD_Docusign-Integration,AWS_GlobeLife_PRD_Docusign-Integration@globe.life,ACTIVE
049715419941,DEV_FirstCommandPortal,AWS_GlobeLife_DEV_FirstCommandPortal@globe.life,ACTIVE
762440693301,PRD_WhiteLion,AWS_GlobeLife_PRD_WhiteLion@globe.life,ACTIVE
124178480447,Audit,AWS_GlobeLife_Audit@globe.life,ACTIVE
896172592430,CDM_Dev,torchmarkaws_cdm_dev@torchmarkcorp.com,ACTIVE
637423378820,PRD_AIKnowledgeBase,AWS_GlobeLife_PRD_AIKnowledgeBase@globe.life,ACTIVE
089456546922,SFDC_Integration_Dev,torchmarkaws_SFDC_Integration_Dev@torchmarkcorp.com,ACTIVE
707253456765,STG_Kitewheel,torchmarkaws_kitewheel_test@torchmarkcorp.com,ACTIVE
255528199119,TST_Actuarial_CustomProc,AWS_GlobeLife_TST_Actuarial_CustomProc@globe.life,ACTIVE
291445516538,STG_ExecutiveSalesReporting,AWS_GlobeLife_STG_ExecutiveSalesReporting@globe.life,ACTIVE
059004262227,DEV_DevOps_Services,AWS_GlobeLife_DEV_DevOps_Services@globe.life,ACTIVE
264730372361,STG_Conservation,AWS_GlobeLife_STG_Conservation@globe.life,ACTIVE
590183955657,POC_PAS-OIPA,AWS_GlobeLife_POC_PAS-OIPA@globe.life,ACTIVE
471112910786,PRD_MLOperations_Actuarial,AWS_GlobeLife_PRD_MLOperations_Actuarial@globe.life,ACTIVE
774606061104,DEV_GDTC_Merkle,AWS_GlobeLife_DEV_GDTC_Merkle@globe.life,ACTIVE
368016359758,TST_Forescout_NAC,AWS_GlobeLife_TST_Forescout_NAC@globe.life,ACTIVE
166639160687,PRD_Kentico,AWS_GlobeLife_Kentico_Prod@globe.life,ACTIVE
165045438144,DEV_PolicyAdminSystem,AWS_GlobeLife_DEV_PolicyAdminSystem@globe.life,ACTIVE
669909837126,PRD_SecOps_Tools,AWS_GlobeLife_SecOps_Prd@Globe.Life,ACTIVE
516859504519,TST_PolySystems,AWS_GlobeLife_TST_PolySystems@globe.life,ACTIVE
702078249593,TST_LNLAgentPortal,AWS_GlobeLife_TST_LNLAgentPortal@globe.life,ACTIVE
516837992756,TST_LegacySharedDataSvc,AWS_GlobeLife_TST_LegacySharedDataSvc@globe.life,ACTIVE
427475715700,DEV_ExtFileTransfer_Services,AWS_GlobeLife_DEV_ExtFileTransfer_Services@globe.life,ACTIVE
881355773341,STG_PolicyAdminSystem,AWS_GlobeLife_STG_PolicyAdminSystem@globe.life,ACTIVE
918101163831,PRD_WorksiteBilling,AWS_GlobeLife_PRD_WorksiteBilling@globe.life,ACTIVE
718123615884,PRD_Globe_IQ,AWS_GlobeLife_PRD_Globe_IQ@globe.life,ACTIVE
654654275356,DEV_GlobeCallCenterSales,AWS_GlobeLife_DEV_GlobeCallCenterSales@globe.life,ACTIVE
345594598344,DEV_FHL-LegacyApps,AWS_GlobeLife_DEV_FHL-LegacyApps@globe.life,ACTIVE
048164889377,DEV_GlobeDirect,AWS_GlobeLife_DEV_GlobeDirect@globe.life,ACTIVE
127181659380,TST_CentralProcessingSystem,AWS_GlobeLife_TST_CentralProcessingSystem@globe.life,ACTIVE
527636302947,PRD_InvestmentsAnalyticsDashboard,AWS_GlobeLife_PRD_InvestmentsAnalyticsDashboard@globe.life,ACTIVE
979764594961,PRD_CorporateDisclaimerServices,AWS_GlobeLife_PRD_CorporateDisclaimerServices@globe.life,ACTIVE
683228415736,PRD_AILeApp,AWS_GlobeLife_PRD_AILeApp@globe.Life,ACTIVE
025693222982,DEV_AgencyDataEntryPortal,AWS_GlobeLife_DEV_AgencyDataEntryPortal@globe.life,ACTIVE
792449926040,DEV_AILeApp,AWS_GlobeLife_DEV_AILeApp@globe.life,ACTIVE
020607924529,TST_Impact,AWS_GlobeLife_TST_Impact@globe.life,ACTIVE
939781381405,DEV_IncentiveCompMgmt,AWS_GlobeLife_ICM_Dev@globe.life,ACTIVE
456865107483,PRD_CherwellIntegration,AWS_GlobeLife_PRD_CherwellIntegration@globe.life,ACTIVE
351414345235,Backup_and_DisasterRecovery,AWS_GlobeLife_Backup_and_DisasterRecovery@globe.life,ACTIVE
528757831812,DEV_eProvider,AWS_GlobeLIfe_DEV_eProvider@globe.life,SUSPENDED
856695471500,CDM_Test_2,torchmarkaws_cdm_test_2@torchmarkcorp.com,ACTIVE
636701641340,TST_FHDeApp,AWS_GlobeLife_TST_FHDeApp@globe.life,ACTIVE
346784514554,DEV_GDTC_Email-Integration,AWS_GlobeLife_DEV_GDTC_Email-Integration@globe.life,ACTIVE
503206824669,STG_Kentico,AWS_GlobeLife_STG_Kentico@globe.life,ACTIVE
349486515538,DEV_CherwellIntegration,AWS_GlobeLife_CherwellIntegration_Dev@globe.life,ACTIVE
387195569436,DEV_Conservation,AWS_GlobeLife_DEV_Conservation@globe.life,ACTIVE
861087404736,PRD_GlobeITWiki,AWS_GlobeLife_PRD_GlobeITWiki@globe.life,ACTIVE
030946171726,SFDC_Integration_Test,torchmarkaws_SFDC_Integration_Test@torchmarkcorp.com,ACTIVE
992382529126,TST_Ent-EventManagementSystems,AWS_GlobeLife_TST_Ent_EventManagementSystems@globe.life,ACTIVE
440535933603,TST_EnterpriseScheduler,AWS_GlobeLife_TST_EnterpriseScheduler@globe.life,ACTIVE
610120720985,STG_CentralProcessingSystem,AWS_GlobeLife_STG_CentralProcessingSystem@globe.life,ACTIVE
804361615171,POC_QlikReplicate,AWS_GlobeLife_POC_QlikReplicate@globe.life,ACTIVE
620669386024,STG_PaymentsExceptionProcessing,AWS_GlobeLife_STG_PaymentsExceptionProcessing@globe.life,ACTIVE
723219059542,PRD_CeApp,aws_globelife_prd_ceapp@globe.life,ACTIVE
