AccountID,ClusterName,DBInstanceName,Engine,AuditLogsEnabled,CloudWatchEnabled
331956161189,standalone,awtmdvptdsql02,sqlserver-se,False,False
795752532668,standalone,nzportaldb,postgres,False,False
361418385861,igo-mil-stg-rds,igo-mil-stg-rds-instance-1,aurora-mysql,False,False
212333811996,awtmtsgliqsql01,awtmtsgliqsql01-instance-1,aurora-postgresql,False,False
073412041252,awtmstclmsql01,awtmstclmsql01-instance-1,aurora-mysql,False,True
265084811583,awtmtsailsql01,awtmtsailsql01-instance-1,aurora-mysql,False,True
489768172571,standalone,awtmprfrcmrds01,sqlserver-se,False,False
838001389413,cdm-prd-aurora-ms-resonant,cdm-prd-aurora-ms-resonant-1,aurora-mysql,False,False
838001389413,cdm-prd-aurora-ms-resonant,cdm-prd-aurora-ms-resonant-2,aurora-mysql,False,False
838001389413,cdm-prd-aurora-pg-actuarial,cdm-prd-aurora-pg-actuarial-1,aurora-postgresql,False,True
838001389413,cdm-prd-aurora-pg-idm,cdm-prd-aurora-pg-idm-1,aurora-postgresql,False,True
838001389413,cdm-prd-aurora-pg-idm,cdm-prd-aurora-pg-idm-2,aurora-postgresql,False,True
838001389413,cdm-staging-cluster,cdm-staging-1,aurora-mysql,False,True
838001389413,cdm-staging-cluster,cdm-staging-2,aurora-mysql,False,True
678331236951,standalone,nzportaldb,postgres,False,False
544871880637,standalone,awtmprutlsql01,sqlserver-se,False,False
647859902130,standalone,awstmtssssql01,sqlserver-se,False,False
645642550145,awtmprgliqsql01,awtmprgliqsql01-instance-1,aurora-postgresql,False,False
645642550145,awtmprgliqsql01,awtmprgliqsql01-instance-1-us-west-2b,aurora-postgresql,False,False
899738559321,standalone,prospectcustomer,sqlserver-se,False,False
443768221670,igo-mil-prd-rds,igo-mil-prd-rds-instance-1,aurora-mysql,False,True
443768221670,igo-mil-prd-rds,igo-mil-prd-rds-instance-1-us-west-2a,aurora-mysql,False,True
326153467009,standalone,appmigrationdb,postgres,False,False
484126561220,ipep-app-dbserver,ipep-app-dbserver-instance-1,aurora-mysql,False,False
484126561220,ipep-app-dbserver,ipep-app-dbserver-instance-1-us-west-2b,aurora-mysql,False,False
548664465424,standalone,awtmdvptdsql01,sqlserver-se,False,False
548664465424,database-1,database-1-instance-1,aurora-mysql,False,False
548664465424,standalone,globeapps,mysql,False,False
941561528219,awtmprconsql01,awtmprconsql01-instance-1,aurora-mysql,False,True
941561528219,awtmprconsql01,awtmprconsql01-instance-1-us-west-2b,aurora-mysql,False,True
803769386525,standalone,awtmtstcesql02,sqlserver-se,False,False
285465553005,awtmprclmsql01,awtmprclmsql01-instance-1,aurora-mysql,True,True
285465553005,awtmprclmsql01,awtmprclmsql01-instance-1-us-west-2a,aurora-mysql,True,True
653533026033,standalone,nzportaldb,postgres,False,False
082192703757,standalone,awtmstgcesql01,sqlserver-se,False,False
366537629457,awtmtsclmsql01,awtmtsclmsql01-instance-1,aurora-mysql,False,True
340773434822,awtmprcpssql01,awtmprcpssql01-instance-1,aurora-mysql,False,True
340773434822,awtmprcpssql01,awtmprcpssql01-instance-1-us-west-2a,aurora-mysql,False,True
530745444103,awtmdvclmsql01,awtmdvclmsql01-instance-1,aurora-mysql,True,True
875192539114,ctm-app-dbserver,ctm-app-dbserver-instance-1,aurora-postgresql,False,True
875192539114,ctm-app-dbserver,ctm-app-dbserver-instance-1-us-west-2a,aurora-postgresql,False,True
875192539114,em-app-dbserver,em-app-dbserver-instance-1,aurora-postgresql,False,True
875192539114,em-app-dbserver,em-app-dbserver-instance-1-us-west-2a,aurora-postgresql,False,True
877644377535,aws-test-execsalesrpt-instance-1-cluster,aws-test-execsalesrpt-instance-1,aurora-mysql,False,True
329571145475,standalone,awtmtstcesql01,sqlserver-se,False,False
283732856488,standalone,awtmdvmktsql01,sqlserver-se,False,False
822659547100,awtmstgbavapi01,awtmstgbavapi01-instance-1,aurora-postgresql,False,True
036752864811,ipep-app-dbserver,ipep-app-dbserver-instance-1,aurora-mysql,False,True
036752864811,ipep-app-dbserver,ipep-app-dbserver-instance-1-us-west-2b,aurora-mysql,False,True
634858848865,awtmprbavapi01,awtmprbavapi01-instance-1,aurora-postgresql,False,True
634858848865,awtmprbavapi01,awtmprbavapi01-instance-1-us-west-2a,aurora-postgresql,False,True
660034111721,awtmprailsql01-instance-1-cluster,awtmprailsql01-instance-1,aurora-mysql,False,True
753936362610,awtmtstbavapi01,awtmtstbavapi01-instance-1,aurora-postgresql,False,True
647167341482,ipep-app-dbserver-cluster,ipep-app-dbs-ins-1-tst,aurora-mysql,False,False
425017697424,awtmtsqasvsql01,awtmtsqasvsql01-instance-1,aurora-mysql,False,True
425017697424,standalone,testautomationdb,postgres,False,True
047787824797,standalone,awtmdvcesql01,sqlserver-se,False,False
047787824797,awtmdveappsql01,awtmdveappsql01-instance-1,aurora-mysql,False,False
068690677268,standalone,awtmtsfrcmrds01,sqlserver-se,False,False
744030049322,awtmdvbavapi01,awtmdvbavapi01-instance-1,aurora-postgresql,False,True
512957510295,igo-mil-tst-rds,igo-mil-tst-rds-instance-1,aurora-mysql,False,False
963329397756,igo-mil-dev-rds-cluster,igo-mil-dev-rds-instance-1,aurora-mysql,False,True
049715419941,standalone,awtmdvfrcmrds01,sqlserver-se,False,False
762440693301,standalone,wl-database,sqlserver-se,False,False
896172592430,cdm-dev-aurora-pg-actuarial,cdm-dev-aurora-pg-actuarial-1,aurora-postgresql,False,False
896172592430,cdm-dev-aurora-pg-idm,cdm-dev-aurora-pg-idm-1,aurora-postgresql,False,True
896172592430,cdm-dev-aurora-pg-idm,cdm-dev-aurora-pg-idm-2,aurora-postgresql,False,True
896172592430,cdm-staging-cluster,cdm-staging-1,aurora-mysql,False,True
896172592430,cdm-staging-cluster,cdm-staging-2,aurora-mysql,False,True
089456546922,standalone,awdvcnsmrsql01,sqlserver-se,False,False
166639160687,standalone,awgwprktsql01,sqlserver-se,False,False
669909837126,standalone,awstmprsssql01,sqlserver-se,False,False
669909837126,standalone,awstmprsssql02,sqlserver-se,False,False
683228415736,awtmprailsql01,awtmprailsql01-instance-1,aurora-mysql,False,True
683228415736,awtmprailsql01,awtmprailsql01-instance-1-us-west-2b,aurora-mysql,False,True
025693222982,awtmdvgliqsql01,awtmdvgliqsql01-instance-1,aurora-postgresql,False,False
792449926040,awtmdvailsql01,awtmdvailsql01-instance-1,aurora-mysql,False,True
856695471500,cdm-staging-cluster,cdm-staging-1,aurora-mysql,False,True
856695471500,cdm-staging-cluster,cdm-staging-2,aurora-mysql,False,True
856695471500,cdm-staging-ppd,cdm-staging-ppd-1,aurora-mysql,False,True
856695471500,cdm-staging-ppd,cdm-staging-ppd-2,aurora-mysql,False,True
856695471500,cdm-test-aurora-pg-actuarial,cdm-test-aurora-pg-actuarial-1,aurora-postgresql,False,True
856695471500,cdm-test-aurora-pg-idm,cdm-test-aurora-pg-idm-1,aurora-postgresql,False,True
387195569436,awtmdvconsql01,awtmdvconsql01-instance-1,aurora-mysql,False,True
861087404736,standalone,awtmprtglaprds01,mysql,False,True
440535933603,standalone,ctm-app-dbserver,postgres,False,True
440535933603,standalone,em-app-dbserver,postgres,False,True
620669386024,ipep-app-dbserver,ipep-app-dbs-ins-1-stg,aurora-mysql,False,False
723219059542,standalone,awtmsprcesql01,sqlserver-se,False,False
